lsoa21cd,lsoa21nm,local_authority,rural_urban_2021,crimes_total
E01009522,Coventry 014A,Coventry,Urban: Nearer to a major town or city,325
E01009523,Coventry 010A,Coventry,Urban: Nearer to a major town or city,281
E01009524,Coventry 006A,Coventry,Urban: Nearer to a major town or city,568
E01009525,Coventry 006B,Coventry,Urban: Nearer to a major town or city,216
E01009526,Coventry 010B,Coventry,Urban: Nearer to a major town or city,586
E01009527,Coventry 006C,Coventry,Urban: Nearer to a major town or city,344
E01009528,Coventry 010C,Coventry,Urban: Nearer to a major town or city,242
E01009529,Coventry 014B,Coventry,Urban: Nearer to a major town or city,292
E01009530,Coventry 014C,Coventry,Urban: Nearer to a major town or city,188
E01009531,Coventry 010D,Coventry,Urban: Nearer to a major town or city,350
E01009532,Coventry 033A,Coventry,Urban: Nearer to a major town or city,304
E01009535,Coventry 033B,Coventry,Urban: Nearer to a major town or city,369
E01009536,Coventry 033C,Coventry,Urban: Nearer to a major town or city,246
E01009537,Coventry 035C,Coventry,Urban: Nearer to a major town or city,251
E01009538,Coventry 035D,Coventry,Urban: Nearer to a major town or city,647
E01009539,Coventry 039A,Coventry,Urban: Nearer to a major town or city,1127
E01009540,Coventry 039B,Coventry,Urban: Nearer to a major town or city,875
E01009541,Coventry 039C,Coventry,Urban: Nearer to a major town or city,1153
E01009542,Coventry 039D,Coventry,Urban: Nearer to a major town or city,1055
E01009543,Coventry 033D,Coventry,Urban: Nearer to a major town or city,1449
E01009544,Coventry 038A,Coventry,Urban: Nearer to a major town or city,526
E01009548,Coventry 031A,Coventry,Urban: Nearer to a major town or city,1433
E01009549,Coventry 037B,Coventry,Urban: Nearer to a major town or city,302
E01009550,Coventry 037C,Coventry,Urban: Nearer to a major town or city,323
E01009552,Coventry 037E,Coventry,Urban: Nearer to a major town or city,304
E01009553,Coventry 031B,Coventry,Urban: Nearer to a major town or city,1645
E01009554,Coventry 034A,Coventry,Urban: Nearer to a major town or city,206
E01009555,Coventry 034B,Coventry,Urban: Nearer to a major town or city,262
E01009556,Coventry 034C,Coventry,Urban: Nearer to a major town or city,756
E01009557,Coventry 034D,Coventry,Urban: Nearer to a major town or city,156
E01009558,Coventry 034E,Coventry,Urban: Nearer to a major town or city,187
E01009559,Coventry 034F,Coventry,Urban: Nearer to a major town or city,401
E01009560,Coventry 040A,Coventry,Urban: Nearer to a major town or city,123
E01009561,Coventry 040B,Coventry,Urban: Nearer to a major town or city,339
E01009562,Coventry 040C,Coventry,Urban: Nearer to a major town or city,220
E01009563,Coventry 040D,Coventry,Urban: Nearer to a major town or city,167
E01009564,Coventry 005A,Coventry,Urban: Nearer to a major town or city,768
E01009565,Coventry 009A,Coventry,Urban: Nearer to a major town or city,253
E01009566,Coventry 009B,Coventry,Urban: Nearer to a major town or city,1192
E01009567,Coventry 009C,Coventry,Urban: Nearer to a major town or city,868
E01009568,Coventry 009D,Coventry,Urban: Nearer to a major town or city,761
E01009569,Coventry 015A,Coventry,Urban: Nearer to a major town or city,1459
E01009570,Coventry 015B,Coventry,Urban: Nearer to a major town or city,1074
E01009571,Coventry 015C,Coventry,Urban: Nearer to a major town or city,576
E01009573,Coventry 015E,Coventry,Urban: Nearer to a major town or city,388
E01009574,Coventry 015F,Coventry,Urban: Nearer to a major town or city,1023
E01009575,Coventry 005B,Coventry,Urban: Nearer to a major town or city,1383
E01009576,Coventry 008A,Coventry,Urban: Nearer to a major town or city,372
E01009577,Coventry 007A,Coventry,Urban: Nearer to a major town or city,706
E01009578,Coventry 008B,Coventry,Urban: Nearer to a major town or city,571
E01009579,Coventry 007B,Coventry,Urban: Nearer to a major town or city,755
E01009580,Coventry 019A,Coventry,Urban: Nearer to a major town or city,2782
E01009581,Coventry 007C,Coventry,Urban: Nearer to a major town or city,573
E01009582,Coventry 008C,Coventry,Urban: Nearer to a major town or city,887
E01009583,Coventry 008D,Coventry,Urban: Nearer to a major town or city,602
E01009584,Coventry 007D,Coventry,Urban: Nearer to a major town or city,478
E01009585,Coventry 007E,Coventry,Urban: Nearer to a major town or city,619
E01009586,Coventry 008E,Coventry,Urban: Nearer to a major town or city,402
E01009587,Coventry 011A,Coventry,Urban: Nearer to a major town or city,679
E01009588,Coventry 043A,Coventry,Urban: Nearer to a major town or city,469
E01009589,Coventry 001A,Coventry,Urban: Nearer to a major town or city,721
E01009590,Coventry 002A,Coventry,Urban: Nearer to a major town or city,429
E01009591,Coventry 002B,Coventry,Urban: Nearer to a major town or city,305
E01009592,Coventry 043B,Coventry,Urban: Nearer to a major town or city,382
E01009593,Coventry 002C,Coventry,Urban: Nearer to a major town or city,525
E01009594,Coventry 006D,Coventry,Urban: Nearer to a major town or city,179
E01009596,Coventry 043C,Coventry,Urban: Nearer to a major town or city,533
E01009597,Coventry 043D,Coventry,Urban: Nearer to a major town or city,424
E01009598,Coventry 002D,Coventry,Urban: Nearer to a major town or city,322
E01009599,Coventry 013A,Coventry,Urban: Nearer to a major town or city,278
E01009604,Coventry 004A,Coventry,Urban: Nearer to a major town or city,366
E01009605,Coventry 004B,Coventry,Urban: Nearer to a major town or city,679
E01009606,Coventry 005C,Coventry,Urban: Nearer to a major town or city,336
E01009607,Coventry 004C,Coventry,Urban: Nearer to a major town or city,1392
E01009608,Coventry 004D,Coventry,Urban: Nearer to a major town or city,389
E01009609,Coventry 005D,Coventry,Urban: Nearer to a major town or city,413
E01009610,Coventry 004E,Coventry,Urban: Nearer to a major town or city,411
E01009612,Coventry 035F,Coventry,Urban: Nearer to a major town or city,457
E01009613,Coventry 018A,Coventry,Urban: Nearer to a major town or city,162
E01009614,Coventry 021A,Coventry,Urban: Nearer to a major town or city,225
E01009615,Coventry 027A,Coventry,Urban: Nearer to a major town or city,1246
E01009616,Coventry 027B,Coventry,Urban: Nearer to a major town or city,372
E01009617,Coventry 027C,Coventry,Urban: Nearer to a major town or city,354
E01009618,Coventry 027D,Coventry,Urban: Nearer to a major town or city,203
E01009620,Coventry 027E,Coventry,Urban: Nearer to a major town or city,640
E01009621,Coventry 027F,Coventry,Urban: Nearer to a major town or city,336
E01009622,Coventry 012A,Coventry,Urban: Nearer to a major town or city,433
E01009623,Coventry 012B,Coventry,Urban: Nearer to a major town or city,452
E01009624,Coventry 011B,Coventry,Urban: Nearer to a major town or city,786
E01009625,Coventry 011C,Coventry,Urban: Nearer to a major town or city,328
E01009626,Coventry 011D,Coventry,Urban: Nearer to a major town or city,350
E01009627,Coventry 012C,Coventry,Urban: Nearer to a major town or city,527
E01009628,Coventry 012D,Coventry,Urban: Nearer to a major town or city,327
E01009630,Coventry 020B,Coventry,Urban: Nearer to a major town or city,564
E01009631,Coventry 020C,Coventry,Urban: Nearer to a major town or city,462
E01009632,Coventry 020D,Coventry,Urban: Nearer to a major town or city,1235
E01009633,Coventry 028A,Coventry,Urban: Nearer to a major town or city,610
E01009634,Coventry 028B,Coventry,Urban: Nearer to a major town or city,759
E01009636,Coventry 024A,Coventry,Urban: Nearer to a major town or city,1064
E01009637,Coventry 024B,Coventry,Urban: Nearer to a major town or city,232
E01009638,Coventry 024C,Coventry,Urban: Nearer to a major town or city,2350
E01009639,Coventry 024D,Coventry,Urban: Nearer to a major town or city,449
E01009640,Coventry 024E,Coventry,Urban: Nearer to a major town or city,566
E01009641,Coventry 024F,Coventry,Urban: Nearer to a major town or city,1331
E01009643,Coventry 017A,Coventry,Urban: Nearer to a major town or city,189
E01009644,Coventry 017B,Coventry,Urban: Nearer to a major town or city,145
E01009645,Coventry 014D,Coventry,Urban: Nearer to a major town or city,128
E01009646,Coventry 022A,Coventry,Urban: Nearer to a major town or city,213
E01009647,Coventry 017C,Coventry,Urban: Nearer to a major town or city,1245
E01009648,Coventry 017D,Coventry,Urban: Nearer to a major town or city,238
E01009649,Coventry 026A,Coventry,Urban: Nearer to a major town or city,206
E01009650,Coventry 020E,Coventry,Urban: Nearer to a major town or city,910
E01009651,Coventry 031D,Coventry,Urban: Nearer to a major town or city,840
E01009652,Coventry 017E,Coventry,Urban: Nearer to a major town or city,297
E01009653,Coventry 017F,Coventry,Urban: Nearer to a major town or city,249
E01009654,Coventry 021B,Coventry,Urban: Nearer to a major town or city,208
E01009655,Coventry 016A,Coventry,Urban: Nearer to a major town or city,530
E01009656,Coventry 016B,Coventry,Urban: Nearer to a major town or city,721
E01009657,Coventry 018B,Coventry,Urban: Nearer to a major town or city,265
E01009658,Coventry 021C,Coventry,Urban: Nearer to a major town or city,340
E01009659,Coventry 016C,Coventry,Urban: Nearer to a major town or city,580
E01009660,Coventry 021D,Coventry,Urban: Nearer to a major town or city,720
E01009661,Coventry 028D,Coventry,Urban: Nearer to a major town or city,1031
E01009662,Coventry 016D,Coventry,Urban: Nearer to a major town or city,842
E01009663,Coventry 013B,Coventry,Urban: Nearer to a major town or city,166
E01009664,Coventry 016E,Coventry,Urban: Nearer to a major town or city,336
E01009665,Coventry 042A,Coventry,Urban: Nearer to a major town or city,162
E01009666,Coventry 041A,Coventry,Urban: Nearer to a major town or city,125
E01009667,Coventry 041B,Coventry,Urban: Nearer to a major town or city,94
E01009668,Coventry 041C,Coventry,Urban: Nearer to a major town or city,307
E01009669,Coventry 042B,Coventry,Urban: Nearer to a major town or city,88
E01009670,Coventry 041D,Coventry,Urban: Nearer to a major town or city,98
E01009671,Coventry 042C,Coventry,Urban: Nearer to a major town or city,583
E01009672,Coventry 040E,Coventry,Urban: Nearer to a major town or city,289
E01009674,Coventry 029A,Coventry,Urban: Nearer to a major town or city,496
E01009676,Coventry 032A,Coventry,Urban: Nearer to a major town or city,287
E01009679,Coventry 036C,Coventry,Urban: Nearer to a major town or city,621
E01009681,Coventry 032B,Coventry,Urban: Nearer to a major town or city,349
E01009682,Coventry 032C,Coventry,Urban: Nearer to a major town or city,181
E01009683,Coventry 032D,Coventry,Urban: Nearer to a major town or city,454
E01009684,Coventry 026B,Coventry,Urban: Nearer to a major town or city,255
E01009685,Coventry 026C,Coventry,Urban: Nearer to a major town or city,323
E01009686,Coventry 026D,Coventry,Urban: Nearer to a major town or city,929
E01009687,Coventry 026E,Coventry,Urban: Nearer to a major town or city,143
E01009688,Coventry 030A,Coventry,Urban: Nearer to a major town or city,542
E01009689,Coventry 030B,Coventry,Urban: Nearer to a major town or city,620
E01009690,Coventry 030C,Coventry,Urban: Nearer to a major town or city,433
E01009691,Coventry 030D,Coventry,Urban: Nearer to a major town or city,187
E01009692,Coventry 022B,Coventry,Urban: Nearer to a major town or city,83
E01009693,Coventry 022C,Coventry,Urban: Nearer to a major town or city,189
E01009694,Coventry 022D,Coventry,Urban: Nearer to a major town or city,148
E01009695,Coventry 023A,Coventry,Urban: Nearer to a major town or city,206
E01009696,Coventry 023B,Coventry,Urban: Nearer to a major town or city,136
E01009697,Coventry 025A,Coventry,Urban: Nearer to a major town or city,217
E01009698,Coventry 025B,Coventry,Urban: Nearer to a major town or city,95
E01009699,Coventry 029B,Coventry,Urban: Nearer to a major town or city,276
E01009700,Coventry 029C,Coventry,Urban: Nearer to a major town or city,721
E01009701,Coventry 029D,Coventry,Urban: Nearer to a major town or city,510
E01009702,Coventry 029E,Coventry,Urban: Nearer to a major town or city,826
E01009704,Coventry 023C,Coventry,Urban: Nearer to a major town or city,267
E01009705,Coventry 023D,Coventry,Urban: Nearer to a major town or city,96
E01009706,Coventry 025D,Coventry,Urban: Nearer to a major town or city,207
E01009707,Coventry 033E,Coventry,Urban: Nearer to a major town or city,146
E01009708,Coventry 033F,Coventry,Urban: Nearer to a major town or city,205
E01009709,Coventry 007F,Coventry,Urban: Nearer to a major town or city,496
E01009710,Coventry 013C,Coventry,Urban: Nearer to a major town or city,361
E01009711,Coventry 013D,Coventry,Urban: Nearer to a major town or city,414
E01009712,Coventry 018C,Coventry,Urban: Nearer to a major town or city,217
E01009713,Coventry 019B,Coventry,Urban: Nearer to a major town or city,267
E01009714,Coventry 018D,Coventry,Urban: Nearer to a major town or city,336
E01009715,Coventry 019C,Coventry,Urban: Nearer to a major town or city,424
E01009716,Coventry 018E,Coventry,Urban: Nearer to a major town or city,228
E01009717,Coventry 019D,Coventry,Urban: Nearer to a major town or city,482
E01009718,Coventry 019E,Coventry,Urban: Nearer to a major town or city,448
E01010164,Solihull 017B,Solihull,Smaller rural: Nearer to a major town or city,250
E01010165,Solihull 017C,Solihull,Larger rural: Nearer to a major town or city,463
E01010166,Solihull 025A,Solihull,Smaller rural: Nearer to a major town or city,168
E01010167,Solihull 017D,Solihull,Smaller rural: Nearer to a major town or city,12
E01010168,Solihull 025B,Solihull,Larger rural: Nearer to a major town or city,224
E01010169,Solihull 025C,Solihull,Larger rural: Nearer to a major town or city,475
E01010170,Solihull 025D,Solihull,Larger rural: Nearer to a major town or city,79
E01010171,Solihull 025E,Solihull,Larger rural: Nearer to a major town or city,26
E01031027,North Warwickshire 007C,North Warwickshire,Smaller rural: Nearer to a major town or city,580
E01031028,North Warwickshire 007D,North Warwickshire,Smaller rural: Nearer to a major town or city,75
E01031062,Nuneaton and Bedworth 013A,Nuneaton and Bedworth,Urban: Nearer to a major town or city,0
E01031063,Nuneaton and Bedworth 013B,Nuneaton and Bedworth,Urban: Nearer to a major town or city,11
E01031064,Nuneaton and Bedworth 013C,Nuneaton and Bedworth,Urban: Nearer to a major town or city,0
E01031067,Nuneaton and Bedworth 014A,Nuneaton and Bedworth,Urban: Nearer to a major town or city,23
E01031068,Nuneaton and Bedworth 014B,Nuneaton and Bedworth,Urban: Nearer to a major town or city,72
E01031070,Nuneaton and Bedworth 014D,Nuneaton and Bedworth,Urban: Nearer to a major town or city,120
E01031077,Nuneaton and Bedworth 018A,Nuneaton and Bedworth,Urban: Nearer to a major town or city,454
E01031078,Nuneaton and Bedworth 018B,Nuneaton and Bedworth,Urban: Nearer to a major town or city,434
E01031079,Nuneaton and Bedworth 018C,Nuneaton and Bedworth,Urban: Nearer to a major town or city,413
E01031080,Nuneaton and Bedworth 018D,Nuneaton and Bedworth,Urban: Nearer to a major town or city,856
E01031086,Nuneaton and Bedworth 016A,Nuneaton and Bedworth,Urban: Nearer to a major town or city,411
E01031087,Nuneaton and Bedworth 016B,Nuneaton and Bedworth,Urban: Nearer to a major town or city,399
E01031088,Nuneaton and Bedworth 016C,Nuneaton and Bedworth,Urban: Nearer to a major town or city,237
E01031089,Nuneaton and Bedworth 016D,Nuneaton and Bedworth,Urban: Nearer to a major town or city,456
E01031095,Nuneaton and Bedworth 015A,Nuneaton and Bedworth,Urban: Nearer to a major town or city,0
E01031096,Nuneaton and Bedworth 015B,Nuneaton and Bedworth,Urban: Nearer to a major town or city,92
E01031097,Nuneaton and Bedworth 015C,Nuneaton and Bedworth,Urban: Nearer to a major town or city,146
E01031098,Nuneaton and Bedworth 015D,Nuneaton and Bedworth,Urban: Nearer to a major town or city,356
E01031099,Nuneaton and Bedworth 015E,Nuneaton and Bedworth,Urban: Nearer to a major town or city,763
E01031106,Nuneaton and Bedworth 012B,Nuneaton and Bedworth,Urban: Nearer to a major town or city,5
E01031149,Rugby 012C,Rugby,Smaller rural: Nearer to a major town or city,92
E01031150,Rugby 012D,Rugby,Smaller rural: Nearer to a major town or city,133
E01031151,Rugby 004A,Rugby,Urban: Nearer to a major town or city,290
E01031152,Rugby 004B,Rugby,Urban: Nearer to a major town or city,112
E01031153,Rugby 004C,Rugby,Larger rural: Nearer to a major town or city,38
E01031154,Rugby 004D,Rugby,Larger rural: Nearer to a major town or city,111
E01031159,Rugby 013C,Rugby,Smaller rural: Nearer to a major town or city,531
E01031181,Rugby 004E,Rugby,Larger rural: Nearer to a major town or city,347
E01031182,Rugby 013A,Rugby,Smaller rural: Nearer to a major town or city,0
E01031199,Stratford-on-Avon 005C,Stratford-on-Avon,Larger rural: Nearer to a major town or city,0
E01031210,Stratford-on-Avon 005F,Stratford-on-Avon,Smaller rural: Nearer to a major town or city,141
E01031211,Stratford-on-Avon 005G,Stratford-on-Avon,Larger rural: Nearer to a major town or city,8
E01031218,Stratford-on-Avon 008B,Stratford-on-Avon,Smaller rural: Nearer to a major town or city,0
E01031219,Stratford-on-Avon 004A,Stratford-on-Avon,Larger rural: Nearer to a major town or city,0
E01031221,Stratford-on-Avon 004C,Stratford-on-Avon,Larger rural: Nearer to a major town or city,0
E01031222,Stratford-on-Avon 004D,Stratford-on-Avon,Larger rural: Nearer to a major town or city,0
E01031254,Warwick 001A,Warwick,Smaller rural: Nearer to a major town or city,345
E01031255,Warwick 001B,Warwick,Urban: Nearer to a major town or city,66
E01031256,Warwick 001C,Warwick,Urban: Nearer to a major town or city,395
E01031257,Warwick 001D,Warwick,Urban: Nearer to a major town or city,181
E01031258,Warwick 001E,Warwick,Urban: Nearer to a major town or city,717
E01031259,Warwick 014A,Warwick,Urban: Nearer to a major town or city,434
E01031260,Warwick 014B,Warwick,Larger rural: Nearer to a major town or city,310
E01031261,Warwick 013A,Warwick,Urban: Nearer to a major town or city,654
E01031262,Warwick 013B,Warwick,Urban: Nearer to a major town or city,373
E01031263,Warwick 013C,Warwick,Urban: Nearer to a major town or city,447
E01031264,Warwick 013D,Warwick,Urban: Nearer to a major town or city,473
E01031265,Warwick 013E,Warwick,Urban: Nearer to a major town or city,621
E01031266,Warwick 013F,Warwick,Urban: Nearer to a major town or city,570
E01031267,Warwick 014C,Warwick,Smaller rural: Nearer to a major town or city,236
E01031268,Warwick 014D,Warwick,Larger rural: Nearer to a major town or city,335
E01031269,Warwick 014E,Warwick,Larger rural: Nearer to a major town or city,12
E01031271,Warwick 010A,Warwick,Urban: Nearer to a major town or city,539
E01031272,Warwick 007B,Warwick,Urban: Nearer to a major town or city,325
E01031273,Warwick 006A,Warwick,Urban: Nearer to a major town or city,632
E01031274,Warwick 006B,Warwick,Urban: Nearer to a major town or city,461
E01031275,Warwick 006C,Warwick,Urban: Nearer to a major town or city,111
E01031276,Warwick 006D,Warwick,Urban: Nearer to a major town or city,263
E01031277,Warwick 005A,Warwick,Urban: Nearer to a major town or city,421
E01031278,Warwick 005B,Warwick,Urban: Nearer to a major town or city,208
E01031279,Warwick 005C,Warwick,Urban: Nearer to a major town or city,176
E01031280,Warwick 005D,Warwick,Smaller rural: Nearer to a major town or city,120
E01031283,Warwick 004C,Warwick,Smaller rural: Nearer to a major town or city,31
E01031284,Warwick 004D,Warwick,Smaller rural: Nearer to a major town or city,278
E01031285,Warwick 007C,Warwick,Urban: Nearer to a major town or city,168
E01031286,Warwick 007D,Warwick,Urban: Nearer to a major town or city,206
E01031287,Warwick 007E,Warwick,Urban: Nearer to a major town or city,87
E01031288,Warwick 007F,Warwick,Urban: Nearer to a major town or city,161
E01031289,Warwick 007G,Warwick,Urban: Nearer to a major town or city,152
E01031290,Warwick 009A,Warwick,Urban: Nearer to a major town or city,434
E01031291,Warwick 009B,Warwick,Urban: Nearer to a major town or city,1260
E01031292,Warwick 009C,Warwick,Urban: Nearer to a major town or city,176
E01031293,Warwick 009D,Warwick,Urban: Nearer to a major town or city,263
E01031294,Warwick 009E,Warwick,Urban: Nearer to a major town or city,251
E01031295,Warwick 009F,Warwick,Urban: Nearer to a major town or city,72
E01031296,Warwick 002A,Warwick,Urban: Nearer to a major town or city,222
E01031297,Warwick 002B,Warwick,Urban: Nearer to a major town or city,260
E01031298,Warwick 002C,Warwick,Urban: Nearer to a major town or city,204
E01031299,Warwick 002D,Warwick,Urban: Nearer to a major town or city,85
E01031300,Warwick 002E,Warwick,Urban: Nearer to a major town or city,225
E01031301,Warwick 005E,Warwick,Larger rural: Nearer to a major town or city,222
E01031302,Warwick 005F,Warwick,Larger rural: Nearer to a major town or city,74
E01031303,Warwick 003A,Warwick,Urban: Nearer to a major town or city,393
E01031304,Warwick 003B,Warwick,Urban: Nearer to a major town or city,108
E01031305,Warwick 003C,Warwick,Urban: Nearer to a major town or city,180
E01031306,Warwick 003D,Warwick,Urban: Nearer to a major town or city,140
E01031307,Warwick 003E,Warwick,Urban: Nearer to a major town or city,69
E01031308,Warwick 005G,Warwick,Urban: Nearer to a major town or city,631
E01031309,Warwick 008A,Warwick,Urban: Nearer to a major town or city,568
E01031310,Warwick 008B,Warwick,Urban: Nearer to a major town or city,473
E01031311,Warwick 008C,Warwick,Urban: Nearer to a major town or city,286
E01031312,Warwick 008D,Warwick,Urban: Nearer to a major town or city,263
E01031313,Warwick 008E,Warwick,Urban: Nearer to a major town or city,109
E01031314,Warwick 008F,Warwick,Urban: Nearer to a major town or city,119
E01031315,Warwick 012A,Warwick,Urban: Nearer to a major town or city,2216
E01031316,Warwick 012B,Warwick,Urban: Nearer to a major town or city,411
E01031317,Warwick 012C,Warwick,Urban: Nearer to a major town or city,815
E01031319,Warwick 012E,Warwick,Urban: Nearer to a major town or city,416
E01031320,Warwick 012F,Warwick,Urban: Nearer to a major town or city,783
E01031321,Warwick 011A,Warwick,Urban: Nearer to a major town or city,504
E01031322,Warwick 011B,Warwick,Urban: Nearer to a major town or city,392
E01031323,Warwick 011C,Warwick,Urban: Nearer to a major town or city,851
E01031324,Warwick 011D,Warwick,Urban: Nearer to a major town or city,1113
E01031325,Warwick 011E,Warwick,Urban: Nearer to a major town or city,493
E01031327,Warwick 015A,Warwick,Urban: Nearer to a major town or city,308
E01031328,Warwick 015B,Warwick,Urban: Nearer to a major town or city,302
E01031329,Warwick 015C,Warwick,Urban: Nearer to a major town or city,284
E01031330,Warwick 015D,Warwick,Urban: Nearer to a major town or city,135
E01031331,Warwick 015E,Warwick,Urban: Nearer to a major town or city,162
E01031332,Warwick 010B,Warwick,Urban: Nearer to a major town or city,339
E01031333,Warwick 010C,Warwick,Urban: Nearer to a major town or city,472
E01031334,Warwick 010D,Warwick,Urban: Nearer to a major town or city,319
E01031335,Warwick 010E,Warwick,Urban: Nearer to a major town or city,437
E01031336,Warwick 010F,Warwick,Urban: Nearer to a major town or city,949
E01031337,Warwick 010G,Warwick,Urban: Nearer to a major town or city,419
E01032527,Coventry 035G,Coventry,Urban: Nearer to a major town or city,443
E01032528,Coventry 035H,Coventry,Urban: Nearer to a major town or city,310
E01032529,Coventry 038E,Coventry,Urban: Nearer to a major town or city,324
E01032530,Coventry 038F,Coventry,Urban: Nearer to a major town or city,895
E01032532,Coventry 036F,Coventry,Urban: Nearer to a major town or city,443
E01032533,Coventry 036G,Coventry,Urban: Nearer to a major town or city,381
E01032534,Coventry 037F,Coventry,Urban: Nearer to a major town or city,421
E01032535,Coventry 037G,Coventry,Urban: Nearer to a major town or city,265
E01032536,Coventry 001F,Coventry,Urban: Nearer to a major town or city,571
E01032537,Coventry 001G,Coventry,Urban: Nearer to a major town or city,435
E01032538,Coventry 001H,Coventry,Urban: Nearer to a major town or city,924
E01032587,Coventry 043E,Coventry,Urban: Nearer to a major town or city,646
E01032588,Nuneaton and Bedworth 018E,Nuneaton and Bedworth,Urban: Nearer to a major town or city,359
E01033058,Coventry 042F,Coventry,Urban: Nearer to a major town or city,945
E01033253,Warwick 007H,Warwick,Urban: Nearer to a major town or city,2695
E01033254,Warwick 011G,Warwick,Urban: Nearer to a major town or city,183
E01033255,Warwick 011H,Warwick,Urban: Nearer to a major town or city,854
E01033256,Warwick 007I,Warwick,Urban: Nearer to a major town or city,998
E01034735,Coventry 015G,Coventry,Urban: Nearer to a major town or city,776
E01034736,Coventry 015H,Coventry,Urban: Nearer to a major town or city,654
E01034737,Coventry 020F,Coventry,Urban: Nearer to a major town or city,424
E01034738,Coventry 020G,Coventry,Urban: Nearer to a major town or city,568
E01034739,Coventry 025E,Coventry,Urban: Nearer to a major town or city,409
E01034740,Coventry 025F,Coventry,Urban: Nearer to a major town or city,458
E01034741,Coventry 028E,Coventry,Urban: Nearer to a major town or city,2744
E01034742,Coventry 028F,Coventry,Urban: Nearer to a major town or city,603
E01034743,Coventry 031E,Coventry,Urban: Nearer to a major town or city,6976
E01034744,Coventry 031F,Coventry,Urban: Nearer to a major town or city,5615
E01034745,Coventry 035I,Coventry,Urban: Nearer to a major town or city,232
E01034746,Coventry 035J,Coventry,Urban: Nearer to a major town or city,559
E01034747,Coventry 036H,Coventry,Urban: Nearer to a major town or city,934
E01034748,Coventry 036I,Coventry,Urban: Nearer to a major town or city,676
E01034749,Coventry 038G,Coventry,Urban: Nearer to a major town or city,1022
E01034750,Coventry 038H,Coventry,Urban: Nearer to a major town or city,661
E01035037,Warwick 012G,Warwick,Urban: Nearer to a major town or city,428
E01035038,Warwick 012H,Warwick,Urban: Nearer to a major town or city,137
E01035039,Warwick 012I,Warwick,Urban: Nearer to a major town or city,397
